chest_cm,waist_cm,height_cm,weight_kg,age,shoulder_cm,hip_cm,style,fit,occasion,brand_preference,chest_waist_ratio,bmi
-1.414213562373095,-1.414213562373095,-1.414213562373095,-1.414213562373095,-1.2419713836667197,-1.406930010624025,-1.4680505487867588,0,1,2,4,1.0,-7071.067811865476
-0.7071067811865475,-0.7071067811865475,-0.7071067811865475,-0.7071067811865475,-0.30108397179799284,-0.5793241220216571,-0.5872202195147035,1,2,3,2,1.0,-14142.135623730952
0.0,0.0,0.0,0.0,-0.6774389365454836,-0.16552117772047303,0.0,0,0,1,3,0.0,0.0
0.7071067811865475,0.7071067811865475,0.7071067811865475,0.7071067811865475,0.639803440070734,0.662084710881895,0.5872202195147035,1,1,0,0,1.0,14142.135623730952
1.414213562373095,1.414213562373095,1.414213562373095,1.414213562373095,1.5806908519394607,1.489690599484263,1.4680505487867588,0,0,2,1,1.0,7071.067811865476
